<LibraryDocument xmlns:xsi="http://www.w3.org/2001/XMLSchema-instance" xmlns:xsd="http://www.w3.org/2001/XMLSchema"><Properties><Property Name="HasTemporaryContent" Value="False" /></Properties><Contents><Content UniqueId="4e84f635-b301-4516-b84d-a245ffbd3ab9" Hash="" Description="Content_456b61f7-3fba-4c3d-93dc-c66724a9c7cf" RelativePath="Content_456b61f7-3fba-4c3d-93dc-c66724a9c7cf" FullPath="\\cm01\Media\FeatureUpdates\Scripts\" SingleFile="false" StorageType="FileSystem" FullOwnership="false" OriginalPath="\\cm01\Media\FeatureUpdates\Scripts\" OriginalStorage="FileSystem" /></Contents><EntryObjects><Object Path="SMS_Application.ModelName='ScopeId_89BCCE7B-CC4E-458F-A3F9-7E5BE4ADEF9E/Application_c6f21f94-82e0-4d56-afa4-46246f809903',CIVersion=5" Type="SMS_Application" /></EntryObjects></LibraryDocument>