<LibraryDocument xmlns:xsi="http://www.w3.org/2001/XMLSchema-instance" xmlns:xsd="http://www.w3.org/2001/XMLSchema"><Properties><Property Name="HasTemporaryContent" Value="False" /></Properties><Contents><Content UniqueId="78db777a-aeb2-41d4-aa4c-73d6ab9cb381" Hash="" Description="Content_973202b9-4f8f-482d-828e-c89b997a5762" RelativePath="Content_973202b9-4f8f-482d-828e-c89b997a5762" FullPath="\\cm01\Media\FeatureUpdates - Copy\" SingleFile="false" StorageType="FileSystem" FullOwnership="false" OriginalPath="\\cm01\Media\FeatureUpdates - Copy\" OriginalStorage="FileSystem" /></Contents><EntryObjects><Object Path="SMS_Application.ModelName='ScopeId_89BCCE7B-CC4E-458F-A3F9-7E5BE4ADEF9E/Application_98e15397-2bd6-4558-a2a9-e89f333ed541',CIVersion=3" Type="SMS_Application" /></EntryObjects></LibraryDocument>